seller_id,seller_name,region,start_date,email
S1,"Yang, Friedman and Chambers",US East,2024-03-09,elizabeth88@example.org
S2,Choi Ltd,US South,2023-08-29,ikhan@example.net
S3,"Larson, Huffman and Zhang",US East,2024-02-10,fhess@example.org
S4,Lee-Ferguson,US West,2025-01-30,carterrobert@example.com
S5,Edwards Inc,US East,2024-04-21,jeffreyhale@example.net
S6,Meyer Group,US East,2024-03-07,suzannemartinez@example.net
S7,"Melendez, Torres and Huffman",US North,2021-08-29,morenojennifer@example.com
S8,"Fowler, Guerrero and Hunter",US South,2022-06-13,amandawashington@example.net
S9,Barnett-Williams,US West,2024-08-20,stewartdaniel@example.org
S10,"Andrade, Gallegos and Simmons",US North,2023-12-17,tiffany70@example.com
S11,"Shaw, Harris and Morris",US South,2024-06-03,heather97@example.org
S12,"Terrell, Martin and Mann",US South,2025-01-13,ihampton@example.com
S13,Moreno LLC,US South,2021-01-11,mblanchard@example.org
S14,Short-Wright,US West,2023-12-29,sblevins@example.com
S15,Sharp-Reyes,US West,2021-10-07,sonyawhite@example.com
S16,Hall-Walker,US North,2023-03-30,stephen92@example.com
S17,Escobar-Graves,US South,2024-02-18,rsimpson@example.org
S18,Bentley-Meza,US North,2024-06-28,eschwartz@example.com
S19,"Wright, Hamilton and Macdonald",US North,2024-09-20,cbean@example.com
S20,"Gordon, Hart and Williams",US North,2024-03-13,samanthastephens@example.com
S21,"Andrade, Weaver and Marshall",US South,2024-12-28,riverarose@example.com
S22,Sellers Inc,US North,2022-02-11,brettthomas@example.org
S23,"Bradford, Anderson and Oneill",US East,2021-08-06,gregory58@example.org
S24,Heath-Greer,US South,2023-12-12,lisabonilla@example.org
S25,Holmes-Huynh,US West,2024-02-06,fmcbride@example.net
S26,Stewart Group,US West,2020-07-12,douglas07@example.com
S27,Foster Inc,US West,2022-11-02,maldonadokatherine@example.org
S28,"Curtis, Ramirez and Richmond",US South,2023-03-05,melanie14@example.com
S29,Brown-Carter,US North,2022-06-17,collinssherry@example.org
S30,Peterson and Sons,US North,2021-09-02,johnellis@example.com
S31,"Peters, Anthony and Henry",US East,2020-07-10,leecynthia@example.org
S32,Bray-Richard,US North,2025-01-12,denise92@example.org
S33,Cruz Ltd,US South,2021-09-22,campbellbrandon@example.net
S34,Barker-Hampton,US East,2023-08-05,rebecca32@example.com
S35,Molina Inc,US South,2022-03-16,perezchristopher@example.net
S36,Logan PLC,US South,2023-08-07,andrew42@example.net
S37,Ramirez-Morales,US South,2021-06-24,gregory64@example.com
S38,"Gardner, Morales and Cox",US North,2022-01-18,anthonyhernandez@example.com
S39,"Sanders, Berger and Martinez",US East,2020-07-13,melanie37@example.net
S40,Goodwin-Jenkins,US North,2023-03-01,acoleman@example.com
S41,"Long, Arnold and Smith",US North,2025-06-07,howellstephanie@example.com
S42,Richards and Sons,US West,2021-10-31,duffykatherine@example.net
S43,Jackson-Smith,US West,2025-02-06,amanda78@example.com
S44,Thomas PLC,US West,2022-03-27,rachellane@example.org
S45,Garcia Inc,US South,2024-04-14,christopher14@example.net
S46,"Davenport, Crane and Kelley",US West,2024-06-24,angela53@example.net
S47,Hutchinson LLC,US South,2022-02-19,james82@example.org
S48,Walker Ltd,US North,2023-03-07,tgallagher@example.net
S49,Marshall-Sanchez,US South,2024-11-15,zhuang@example.com
S50,"Ruiz, Phillips and Perez",US East,2021-10-16,poconnor@example.com
S51,Thompson LLC,US East,2020-06-24,georgecooper@example.com
S52,"Adams, Rodriguez and Adams",US East,2024-10-18,bradley66@example.org
S53,Romero PLC,US East,2024-03-15,john21@example.net
S54,Cruz-Evans,US East,2020-08-24,traceyburns@example.org
S55,Williams Group,US West,2022-09-27,ymann@example.com
S56,Johnson Inc,US West,2021-02-23,dennis63@example.net
S57,Miller-Johnson,US South,2025-03-07,debbie54@example.com
S58,"Young, Taylor and Lynch",US South,2024-05-19,bergjohn@example.org
S59,"Clark, Peterson and Wang",US North,2021-03-20,dawnruiz@example.org
S60,"Marks, Patterson and Hayes",US West,2022-08-10,mark74@example.net
S61,"Williams, Williams and Sanders",US North,2020-10-13,donnarodriguez@example.net
S62,"Jensen, Horton and Parks",US West,2024-07-16,jamiemay@example.net
S63,Larson-Duncan,US East,2023-08-03,christineyoder@example.net
S64,Thompson-Cooper,US West,2023-04-07,reedmitchell@example.net
S65,Adams-Howell,US West,2022-01-19,emily26@example.net
S66,"Foster, Gregory and Willis",US South,2024-07-17,imitchell@example.org
S67,Diaz and Sons,US West,2024-08-08,tbooth@example.com
S68,May-Morgan,US North,2025-01-09,bwalker@example.org
S69,Farmer-Smith,US South,2020-08-20,warrentate@example.org
S70,"Perez, Cabrera and Wilson",US North,2024-07-12,kenneth49@example.org
S71,Johnson-Casey,US West,2024-03-17,cainjacob@example.com
S72,Jones-Cox,US East,2021-05-23,ryan12@example.org
S73,Chen LLC,US North,2021-10-06,christian37@example.org
S74,Allen Inc,US South,2023-12-04,selena81@example.org
S75,Armstrong-Evans,US East,2021-04-19,david54@example.com
S76,Scott Inc,US North,2021-08-15,paynelori@example.com
S77,"Turner, Melton and Roberts",US North,2020-06-16,victoria32@example.org
S78,Conley LLC,US North,2022-11-11,jonesanne@example.net
S79,Owens-Hogan,US West,2024-07-05,larsenneil@example.org
S80,Frederick and Sons,US South,2022-01-03,elizabeth94@example.org
S81,Little LLC,US West,2022-07-07,herrerawanda@example.org
S82,Martin Ltd,US South,2023-09-05,mitchellpatrick@example.net
S83,"Cherry, Schmidt and Reynolds",US South,2024-01-01,angelarobinson@example.com
S84,Myers-Jackson,US North,2023-08-09,amberosborne@example.com
S85,Martin-Garner,US South,2023-01-27,tlopez@example.net
S86,Johnson Group,US West,2020-10-12,christopher97@example.org
S87,Solomon-Fleming,US West,2021-02-14,torresjacob@example.com
S88,"Holland, Fox and Hernandez",US North,2025-03-15,pbarry@example.org
S89,Morgan-Hicks,US North,2025-05-02,ycook@example.net
S90,Scott Group,US West,2024-07-04,emmablanchard@example.org
S91,Gray and Sons,US West,2022-10-14,harrismarcus@example.com
S92,Melendez LLC,US East,2023-08-01,amandawolf@example.com
S93,Farley-Vincent,US North,2024-05-22,stephenwalker@example.com
S94,Anderson and Sons,US North,2022-10-26,jose27@example.org
S95,Mason Inc,US West,2022-09-01,robertcarson@example.com
S96,Oconnor-Perkins,US West,2021-06-22,dawnlucas@example.org
S97,Singh Inc,US West,2023-04-24,juliesanchez@example.net
S98,Parrish PLC,US South,2021-11-22,wallacechristian@example.net
S99,Lawson Ltd,US East,2023-06-09,molinarebecca@example.com
S100,"Kramer, Taylor and Morris",US South,2021-09-07,ltodd@example.org
S101,Pierce Group,US North,2021-11-30,fisherrobin@example.org
S102,"Cruz, Mason and Mills",US North,2021-05-08,zwood@example.net
S103,Rodriguez Ltd,US West,2022-01-30,robinsondavid@example.net
S104,Rose LLC,US West,2021-05-24,wcole@example.org
S105,Copeland and Sons,US South,2024-04-19,bankssusan@example.org
S106,Brooks Inc,US West,2021-02-17,marksanchez@example.net
S107,"Mcintosh, Baker and Vance",US East,2021-01-24,rosepamela@example.com
S108,Russo Inc,US North,2024-04-25,jperry@example.com
S109,Martin-York,US North,2022-10-30,arnoldanthony@example.org
S110,"James, Woods and Sosa",US West,2020-06-20,tchurch@example.org
S111,Scott-Salazar,US South,2022-09-02,moodyjohn@example.com
S112,"Turner, Larson and Krause",US West,2020-06-11,stephanie42@example.org
S113,Munoz Ltd,US West,2020-12-08,privers@example.org
S114,"Wang, Perez and Russo",US South,2025-05-18,donna91@example.org
S115,Thomas-Wright,US West,2023-05-21,sherry23@example.net
S116,"Benjamin, Griffin and Petersen",US East,2025-01-03,vlee@example.net
S117,West PLC,US South,2021-12-20,luis47@example.net
S118,Davis Inc,US South,2023-10-17,riosrebecca@example.net
S119,Jones LLC,US South,2022-09-01,kimsherri@example.com
S120,"Miles, Edwards and Munoz",US West,2022-02-14,webermichael@example.net
S121,Hernandez-Ortiz,US East,2022-10-07,ritaduran@example.org
S122,Harper-Crosby,US East,2020-08-11,jennifersnow@example.net
S123,Herrera Inc,US West,2020-12-04,mramos@example.net
S124,"Espinoza, Rogers and Mcneil",US South,2024-06-13,johnsonjerry@example.org
S125,Cohen-Gibson,US North,2024-07-12,darrellkirk@example.com
S126,Mullins-Reyes,US North,2023-12-08,christopherthomas@example.net
S127,Holloway-Walker,US North,2023-09-09,josegilmore@example.org
S128,Barnett LLC,US West,2023-04-11,wburgess@example.com
S129,Galloway-Dominguez,US East,2023-02-28,hortiz@example.org
S130,Smith-Price,US West,2024-09-21,brandonhernandez@example.com
S131,Franklin-Powell,US North,2020-10-02,tylerperkins@example.net
S132,Jimenez-Hamilton,US West,2022-01-30,xgallagher@example.net
S133,Anderson LLC,US East,2024-04-11,michelle25@example.com
S134,"James, Graham and Mullins",US North,2021-11-25,ryan95@example.org
S135,King-Williams,US East,2021-04-02,murrayjeffrey@example.org
S136,"Mcintosh, Jones and Jones",US West,2023-04-05,bruceconley@example.net
S137,"Hatfield, Anderson and Yang",US West,2020-07-02,xwyatt@example.com
S138,Austin-Dixon,US North,2024-04-05,martinsamantha@example.net
S139,Ray LLC,US South,2023-06-20,ubrooks@example.org
S140,"Grant, Freeman and Brown",US East,2024-09-04,megan64@example.com
S141,Williams LLC,US North,2022-11-17,xfox@example.org
S142,Griffith and Sons,US South,2021-06-27,lisa24@example.org
S143,Sanchez PLC,US East,2024-09-01,austinguzman@example.org
S144,Powell-Hicks,US South,2022-03-02,michaelcollins@example.com
S145,Wright-Marshall,US East,2022-04-14,sandra62@example.net
S146,Harris-Carter,US South,2021-01-11,benjaminbass@example.net
S147,Jones-Crawford,US West,2023-06-02,smithkevin@example.com
S148,Meza-Sanchez,US West,2023-02-21,lowekrystal@example.net
S149,Myers-White,US East,2022-03-20,angelamckay@example.com
S150,Massey LLC,US North,2022-09-15,dannyking@example.com
S151,Lynch Inc,US East,2021-09-01,jacqueline51@example.com
S152,Brown-Murray,US North,2021-07-31,chad93@example.org
S153,Jensen-Hartman,US West,2024-02-08,heather62@example.net
S154,Goodman-Williams,US West,2025-05-13,robin69@example.com
S155,Ritter Ltd,US East,2021-12-23,timothymorales@example.com
S156,Roberts-Davidson,US North,2021-11-02,jamie06@example.net
S157,Hernandez-Bradford,US West,2023-06-14,smithjacob@example.com
S158,"Richardson, Carson and Dominguez",US West,2023-02-28,leblancstephen@example.net
S159,"Jacobs, Brown and Deleon",US West,2023-05-31,markdelgado@example.net
S160,"Mathis, Lynn and Moody",US South,2021-11-18,brian46@example.com
S161,Riley Ltd,US South,2024-10-08,crystalcallahan@example.org
S162,"Henry, Skinner and Peterson",US East,2023-09-27,taylorlisa@example.org
S163,"Roberts, Perez and Wiley",US North,2020-10-15,jacob30@example.org
S164,Suarez-Oliver,US North,2021-07-14,kallen@example.com
S165,Mclaughlin Group,US North,2020-10-21,philipcarpenter@example.net
S166,Arnold-Henry,US North,2021-07-11,danielking@example.com
S167,"King, Le and Taylor",US East,2023-04-23,mark22@example.net
S168,Morris-Davis,US North,2022-07-07,smitharthur@example.net
S169,Owens-Rodriguez,US South,2020-06-15,lholland@example.net
S170,Aguilar PLC,US South,2023-11-05,rebecca44@example.com
S171,Jordan-West,US West,2020-06-11,zflowers@example.net
S172,"Barron, Hodge and Hill",US East,2023-10-14,allenlane@example.net
S173,Gould Ltd,US West,2023-10-16,caldwellpaula@example.net
S174,Serrano Inc,US North,2022-02-22,charlesharvey@example.net
S175,"Rivera, Cole and Conley",US West,2023-11-13,denisepayne@example.net
S176,Johnson-Smith,US South,2021-07-19,jillhorn@example.org
S177,Arnold-Cochran,US South,2023-08-03,michelle47@example.net
S178,Bowman-Harris,US West,2024-11-20,james34@example.com
S179,"Sullivan, Bailey and Klein",US East,2023-08-15,amy80@example.net
S180,Brown Ltd,US West,2023-06-07,rwhite@example.org
S181,Mercer-Barajas,US West,2021-02-04,ypalmer@example.net
S182,Taylor-Melendez,US East,2020-09-20,heather05@example.net
S183,"Crawford, Lam and Adkins",US West,2021-10-15,tramsey@example.net
S184,"Cunningham, Hughes and Sanchez",US East,2022-08-28,itucker@example.com
S185,Norton-Morgan,US West,2020-09-15,benjaminwu@example.com
S186,Ross Ltd,US North,2020-12-07,lrice@example.org
S187,Flores Ltd,US East,2021-07-28,mcdanielchristopher@example.net
S188,Nelson-Erickson,US East,2021-03-13,dwaynetyler@example.net
S189,"Elliott, Johnson and Lynch",US South,2025-01-29,trusso@example.net
S190,Kelly Inc,US North,2023-08-03,saramiranda@example.com
S191,Clark-Stewart,US South,2023-01-25,matthewsjesse@example.org
S192,"Mckenzie, Anderson and Gutierrez",US West,2024-05-21,jromero@example.com
S193,Hayes LLC,US North,2020-07-29,jenniferreed@example.net
S194,Mcdaniel-Collins,US West,2023-05-12,williamparsons@example.com
S195,Bender-Rivera,US East,2024-06-15,ntanner@example.net
S196,Crawford-Wolf,US South,2024-06-26,stephanie42@example.net
S197,Montgomery Ltd,US North,2023-03-20,shannonrivera@example.com
S198,"Perkins, Simpson and Pena",US South,2021-04-03,christopher72@example.com
S199,Porter-Davila,US North,2024-08-20,lauren95@example.com
S200,"Wagner, Chambers and White",US East,2024-02-21,andersoncarol@example.net
S201,"Delacruz, Hughes and Johnson",US North,2024-09-11,johnburns@example.net
S202,Smith and Sons,US North,2021-09-29,omack@example.net
S203,Cannon Inc,US South,2022-05-22,kellycory@example.org
S204,Mitchell Group,US South,2024-08-03,bsmith@example.org
S205,Dunn-Chang,US South,2024-05-18,richjustin@example.com
S206,Armstrong Ltd,US West,2021-01-05,taylor65@example.net
S207,"Ward, Camacho and Hopkins",US North,2021-12-30,marshkatherine@example.com
S208,Garcia PLC,US South,2022-05-12,norrispatrick@example.net
S209,Ochoa PLC,US South,2025-01-09,michael37@example.org
S210,"Black, Pearson and Johnston",US South,2025-05-14,burnettkayla@example.net
S211,Price-Roach,US North,2021-05-05,stevensraymond@example.net
S212,Buchanan and Sons,US North,2023-05-03,patrick67@example.com
S213,Phelps-Hart,US South,2022-08-30,bmason@example.net
S214,Wagner PLC,US North,2022-03-28,sarah20@example.com
S215,Robertson and Sons,US West,2020-07-12,millerjanice@example.com
S216,Martin LLC,US South,2021-12-26,pcummings@example.org
S217,Brewer-Lewis,US West,2022-08-04,hudsonmichael@example.org
S218,Hughes LLC,US South,2022-11-16,mchristian@example.net
S219,Lara Inc,US South,2022-09-03,james08@example.org
S220,"Rodriguez, Blake and Porter",US South,2020-09-20,stevenpayne@example.net
S221,"Lozano, Carey and Oconnor",US North,2021-03-30,smithrebecca@example.com
S222,Gibbs Group,US South,2023-12-09,gedwards@example.org
S223,"Russo, Norman and Robinson",US East,2023-04-19,vcollins@example.org
S224,"Hebert, Ball and Jennings",US West,2024-08-13,tammy07@example.org
S225,Reeves LLC,US West,2022-01-28,charlesvasquez@example.org
S226,Alvarado-Kelley,US West,2024-07-23,kelleytonya@example.org
S227,Miles-Frank,US West,2021-11-12,mercercrystal@example.com
S228,Castillo-Hunter,US North,2021-08-29,iwood@example.com
S229,Jones and Sons,US West,2022-12-19,gerald79@example.net
S230,Sullivan PLC,US South,2023-04-04,oliviaunderwood@example.org
S231,"Wood, Bell and Hernandez",US East,2022-03-12,kellerdavid@example.org
S232,Levy-Marquez,US North,2023-07-05,jessica78@example.net
S233,Werner-Singleton,US West,2020-09-07,christineburgess@example.org
S234,Miller PLC,US East,2022-03-09,amandanichols@example.net
S235,"Lee, Smith and Perez",US East,2024-11-25,benjamin72@example.com
S236,"Washington, Palmer and Parker",US East,2021-10-15,isaiah03@example.net
S237,Taylor Inc,US East,2022-10-12,schmidtjamie@example.com
S238,Wilson-Gibson,US South,2024-08-19,josephfrye@example.com
S239,Short-Logan,US North,2024-08-29,patriciacarter@example.net
S240,Allen Group,US South,2023-10-19,nicholas14@example.com
S241,Hardy Inc,US East,2024-10-14,gregoryschmidt@example.net
S242,"Jones, Hill and Marshall",US South,2024-11-08,monroeheidi@example.com
S243,Stephens-Hines,US East,2022-01-16,nicholsvictoria@example.net
S244,Dickerson-Navarro,US East,2022-01-19,andrew01@example.org
S245,"Green, Stone and Becker",US North,2024-06-30,pmurray@example.net
S246,Sherman Inc,US North,2025-03-24,alexandria06@example.com
S247,Phillips-Brennan,US South,2023-04-06,kendrataylor@example.net
S248,Sutton Inc,US South,2023-11-20,thomasbailey@example.com
S249,"Erickson, Olson and Gonzalez",US North,2023-07-15,ncollins@example.org
S250,Ruiz-Garner,US East,2022-04-15,jamesturner@example.org
S251,Deleon PLC,US South,2022-11-13,kathyclark@example.net
S252,"Sweeney, Hays and Powell",US East,2025-04-18,tgordon@example.com
S253,Rubio-Burns,US South,2024-04-17,andersonamy@example.org
S254,Lyons Ltd,US North,2021-12-01,conniekramer@example.com
S255,Hill-Kelly,US East,2025-02-23,tiffanybell@example.org
S256,Burnett LLC,US East,2023-02-27,lisamassey@example.com
S257,Russell-Boyd,US East,2024-03-11,johngarza@example.net
S258,Reed-Hall,US South,2023-10-22,harmonalec@example.com
S259,Wright-Delacruz,US East,2021-10-22,logansarah@example.com
S260,"Fowler, Fuentes and Ingram",US East,2023-09-12,jeremycollins@example.com
S261,"Brown, Hoffman and Fischer",US East,2024-02-25,noahwyatt@example.com
S262,Adkins-Ryan,US South,2021-07-25,vbarron@example.org
S263,Reed-Ortiz,US East,2025-02-05,mmercado@example.com
S264,"Barrera, Fry and Crawford",US North,2025-03-29,steven46@example.net
S265,Simpson Ltd,US North,2020-10-10,usmith@example.net
S266,"Patel, Davis and Ramirez",US East,2020-06-15,christopher65@example.net
S267,Rivera-Wright,US West,2024-02-12,phillipsjean@example.net
S268,"Bowers, Jenkins and Wright",US East,2022-04-14,qrussell@example.com
S269,Rodriguez LLC,US North,2021-05-27,pamelafitzgerald@example.org
S270,Rogers LLC,US South,2024-04-17,garciavanessa@example.net
S271,Cook-Howard,US South,2025-01-29,ortizthomas@example.org
S272,Franco Group,US South,2023-11-16,theresaparker@example.net
S273,Adams PLC,US East,2020-06-17,danielleanderson@example.com
S274,Wilson-Garcia,US East,2023-08-29,scottlawson@example.org
S275,Schroeder-Ryan,US West,2025-05-24,fhowe@example.com
S276,Kennedy-Hicks,US North,2022-04-05,christinesweeney@example.com
S277,French-Hurley,US North,2024-08-04,williamsdennis@example.org
S278,"Golden, Robertson and Wright",US West,2022-09-01,dawn32@example.com
S279,"Santana, Sullivan and Salazar",US South,2023-04-30,castillojulia@example.net
S280,Wilson-King,US South,2024-05-12,claytonbenjamin@example.com
S281,"Dixon, Baker and Wells",US West,2021-05-24,thomasoneill@example.net
S282,Nicholson Ltd,US South,2021-07-13,ricedavid@example.org
S283,"Jones, Watson and Summers",US North,2024-11-14,jonesvictor@example.org
S284,Collins-Kelly,US North,2023-07-13,carolhall@example.net
S285,Harris Inc,US East,2025-02-04,brianpollard@example.org
S286,Green PLC,US East,2021-10-18,pamelaharris@example.net
S287,Smith-Wood,US North,2020-12-24,johnsonanthony@example.net
S288,Livingston LLC,US North,2023-07-12,jessicawalter@example.org
S289,"Keith, Walsh and Powell",US South,2021-07-16,janet54@example.com
S290,Osborne-House,US North,2021-12-01,tiffany59@example.net
S291,Benitez-Marshall,US South,2024-02-29,rebeccazamora@example.com
S292,Herman-Black,US East,2021-09-20,abowen@example.org
S293,Downs PLC,US North,2024-03-28,james88@example.com
S294,Higgins and Sons,US South,2020-06-08,summerselizabeth@example.org
S295,Fowler-Zuniga,US East,2022-01-26,rhudson@example.org
S296,Ryan Ltd,US West,2024-09-13,jenkinscarrie@example.com
S297,"Sweeney, Smith and Valdez",US South,2023-11-08,nicole15@example.com
S298,Brown PLC,US North,2024-09-18,jherrera@example.org
S299,"Page, Gordon and Rodriguez",US North,2021-09-18,elizabeth26@example.com
S300,"Mckenzie, Bishop and Torres",US West,2024-09-11,reeseallison@example.net
S301,Tyler LLC,US North,2024-12-17,courtney08@example.net
S302,Phillips-Kline,US North,2025-04-25,robertnewton@example.org
S303,Lindsey Ltd,US North,2021-09-04,tgardner@example.com
S304,Mendez Ltd,US South,2022-12-30,perezkyle@example.org
S305,Medina Inc,US East,2023-05-17,vcastillo@example.org
S306,Garcia LLC,US East,2021-04-20,nicoleschmidt@example.net
S307,"Grimes, Vasquez and Woods",US East,2022-01-18,gabriellefloyd@example.net
S308,Noble Inc,US North,2021-02-22,janice67@example.net
S309,Peterson and Sons,US South,2021-03-08,jessica06@example.com
S310,Smith Group,US North,2020-11-26,julia51@example.com
S311,White Ltd,US East,2024-01-23,kennedyjessica@example.org
S312,"Christensen, Page and Goodman",US South,2023-08-21,zmonroe@example.net
S313,Holden-Ward,US West,2025-01-03,teresa37@example.com
S314,"Mckay, Duran and Dawson",US North,2024-06-14,wendy77@example.org
S315,Stewart LLC,US South,2020-12-16,zwright@example.org
S316,"Winters, Moore and Franklin",US North,2024-05-13,roger06@example.com
S317,Stevenson PLC,US West,2021-01-18,bateskaitlyn@example.com
S318,"Bryant, Andersen and Landry",US North,2021-08-26,tammycraig@example.net
S319,Pearson-Williams,US East,2021-10-14,wjones@example.net
S320,Pena-Brown,US East,2021-10-04,powellamy@example.net
S321,Williams-Reynolds,US South,2021-08-18,jonesjacob@example.org
S322,Cohen-Tucker,US North,2021-10-20,russellhayes@example.com
S323,Gomez and Sons,US West,2025-05-23,jennifergill@example.net
S324,Garza and Sons,US West,2020-12-09,donnapalmer@example.net
S325,Long-Edwards,US East,2025-02-09,lgreen@example.org
S326,Reed-Watson,US West,2023-12-14,thomas70@example.com
S327,Wilson-Thornton,US North,2021-05-01,wagnerdeborah@example.org
S328,"Taylor, Guzman and Nguyen",US East,2024-06-07,ijohnson@example.com
S329,Sims LLC,US West,2020-07-18,joannamartinez@example.org
S330,Lam-Young,US North,2022-04-07,sarahbarron@example.net
S331,Ryan LLC,US West,2022-01-08,fullerbrittany@example.com
S332,"Mejia, Wheeler and Olson",US North,2021-07-25,charlesbutler@example.com
S333,"Anthony, Fowler and Lewis",US West,2023-05-23,santiagoangela@example.com
S334,Benson and Sons,US West,2024-01-15,felliott@example.com
S335,Gonzalez-Giles,US West,2025-01-23,davistammy@example.com
S336,Sutton Inc,US East,2022-02-07,maldonadoelizabeth@example.com
S337,"Hall, Burgess and Sanchez",US North,2023-03-30,xhutchinson@example.com
S338,Thompson-Castillo,US North,2023-11-21,ellisonjoseph@example.org
S339,Henson-Huerta,US East,2020-09-01,eric49@example.org
S340,"Martinez, Bennett and Stevens",US South,2021-09-05,ubrown@example.org
S341,"Henry, Kim and Young",US North,2021-12-22,navarrozachary@example.com
S342,"White, Harrison and Wood",US West,2022-02-04,stuartpatrick@example.com
S343,Barajas-Brown,US East,2024-06-26,zmorgan@example.net
S344,"Dickerson, Thomas and Washington",US West,2022-08-26,leeamy@example.org
S345,"Parker, Fowler and Noble",US South,2024-04-29,delgadojohn@example.com
S346,"Morrison, Mitchell and Taylor",US West,2024-03-01,pottsmichael@example.com
S347,"Robinson, Goodwin and Harris",US East,2023-12-29,alishapearson@example.com
S348,James Inc,US East,2021-10-31,ruizemily@example.org
S349,Matthews-Griffith,US North,2022-11-24,hermandaniel@example.org
S350,Harmon and Sons,US South,2024-08-17,jessicacrawford@example.net
S351,Smith Ltd,US West,2020-09-25,mollyjohnson@example.org
S352,"May, Osborn and Morgan",US South,2020-10-28,nicholas25@example.com
S353,"Carroll, Cooper and Nelson",US South,2023-01-09,ryanlee@example.com
S354,Hines Inc,US West,2021-02-26,shannon56@example.net
S355,Grant Inc,US North,2021-01-18,zflowers@example.org
S356,"Landry, Dixon and Dillon",US East,2021-08-29,kathrynalvarez@example.com
S357,Jennings-May,US East,2023-04-16,gail93@example.net
S358,"Smith, Ferguson and Ellis",US West,2025-01-08,heather57@example.com
S359,"Howard, Sutton and Whitney",US North,2024-05-12,turnerdavid@example.com
S360,Mckee-Robinson,US South,2020-07-02,chadhiggins@example.org
S361,"Dalton, Ward and Acevedo",US West,2025-04-24,bryan86@example.net
S362,"Reid, Avila and Garcia",US South,2021-06-15,bradley44@example.org
S363,Beard-Gutierrez,US West,2022-09-01,daniellemcclain@example.com
S364,"Garcia, James and Shields",US South,2023-02-18,zcarroll@example.net
S365,Weiss-Williams,US West,2021-04-14,markholloway@example.org
S366,Welch-Armstrong,US East,2025-02-01,mcdanieljonathon@example.com
S367,Hamilton Ltd,US East,2021-05-04,michaelhood@example.net
S368,"Hoffman, Smith and Davidson",US West,2021-05-04,chad12@example.org
S369,Austin-Garner,US North,2021-07-06,scottperez@example.org
S370,Daniel-Taylor,US South,2023-09-28,bradleyhenderson@example.com
S371,"Jones, Ward and Lowe",US West,2021-05-31,agentry@example.org
S372,"Krueger, Garcia and Wilson",US West,2023-12-24,turnerjason@example.org
S373,"Williams, Johnson and Gutierrez",US West,2021-12-10,riceadam@example.net
S374,Cooley-Johnson,US North,2022-10-26,ajones@example.org
S375,Alvarez Ltd,US East,2021-10-04,robert08@example.com
S376,Myers-Larson,US South,2020-08-21,scott72@example.org
S377,Davidson PLC,US West,2024-11-19,lisacannon@example.net
S378,Porter and Sons,US West,2024-08-04,robert13@example.net
S379,Miller-Lopez,US North,2023-10-06,matthew29@example.com
S380,"Patel, Smith and Davis",US South,2020-11-09,kevinpowers@example.org
S381,Rivera-Allen,US West,2021-08-04,nathan12@example.com
S382,Hunter-Levine,US West,2022-03-21,blucero@example.net
S383,Mcpherson Inc,US North,2021-03-16,rbrewer@example.net
S384,Moreno and Sons,US East,2022-07-13,gsanchez@example.com
S385,Mcguire Ltd,US South,2025-03-05,john47@example.com
S386,Gill Group,US East,2022-06-18,pwilliams@example.com
S387,"Houston, Meadows and Shah",US West,2022-05-19,rogerstyler@example.net
S388,Thompson-Stewart,US South,2022-05-24,imiller@example.net
S389,Thomas Ltd,US West,2020-11-08,erin78@example.net
S390,"Higgins, Johnson and Howard",US South,2020-11-18,deannaholmes@example.net
S391,"James, Edwards and Warren",US West,2021-01-21,williamsummers@example.org
S392,Allen-George,US West,2021-08-03,calvincarlson@example.org
S393,Smith Ltd,US North,2020-10-28,deborahcampbell@example.net
S394,"Browning, Williams and Costa",US East,2022-03-26,dmays@example.net
S395,"Hernandez, Holmes and Reese",US South,2021-09-20,samanthamata@example.org
S396,Best-Bailey,US East,2024-09-07,mullinsnancy@example.com
S397,"Smith, Palmer and Haynes",US South,2024-08-15,pmiller@example.com
S398,Jenkins Inc,US North,2024-06-19,jturner@example.com
S399,"Woods, Bailey and Gomez",US South,2023-08-05,bakerroger@example.net
S400,Soto-Daniels,US West,2024-06-30,matthew63@example.org
S401,Meadows Group,US South,2020-09-14,stephaniescott@example.org
S402,Davis Group,US North,2021-08-25,ariel46@example.net
S403,Fox-Nelson,US South,2022-10-02,nelsonashley@example.com
S404,"Ramsey, Davis and Mason",US North,2022-02-28,david23@example.com
S405,Reed Inc,US South,2024-09-22,hunterdiaz@example.net
S406,Harrison-Stephens,US South,2025-04-21,wattstyler@example.com
S407,Mccarthy-Williams,US West,2021-04-27,fbriggs@example.org
S408,"Cruz, Williamson and Hall",US North,2023-07-27,vcarson@example.com
S409,Conway-Kelly,US East,2023-09-08,rjackson@example.org
S410,Cowan and Sons,US West,2024-01-06,trocha@example.org
S411,Leon Group,US West,2024-09-13,amberbeck@example.com
S412,Green-Martin,US West,2024-01-30,cory18@example.net
S413,Thomas PLC,US West,2022-06-23,turnermegan@example.org
S414,"Good, Thomas and Johnson",US West,2022-04-03,stephaniesweeney@example.net
S415,Farrell Group,US East,2025-03-09,johnsonjoseph@example.net
S416,"Taylor, Wallace and Wolfe",US East,2020-08-20,fsmith@example.net
S417,Jones-Sanchez,US East,2024-07-08,pgraves@example.com
S418,"Harrell, Ross and Turner",US East,2022-09-25,jedwards@example.org
S419,Washington Group,US North,2025-03-28,thomasjohn@example.org
S420,"Cook, Howard and Mcdonald",US North,2023-06-25,ostevens@example.com
S421,Pugh-Rose,US West,2024-07-29,nicholas85@example.com
S422,"Rogers, Greene and Rogers",US South,2021-06-15,brandonpark@example.com
S423,Reyes and Sons,US North,2023-12-31,wcalhoun@example.org
S424,Spencer Inc,US South,2021-05-18,angela77@example.com
S425,"Murillo, Jimenez and Aguilar",US North,2021-12-30,angelatravis@example.net
S426,Hunt Ltd,US East,2024-08-29,maryvazquez@example.com
S427,Gibson-Hardy,US North,2021-03-27,jenkinsgabriel@example.com
S428,"Tyler, Jimenez and Erickson",US West,2020-07-18,ablevins@example.org
S429,Elliott-Santos,US South,2020-08-25,laurarivera@example.org
S430,"Bell, Morgan and Salazar",US West,2020-06-15,ricejoseph@example.net
S431,Smith-Stanley,US South,2024-01-11,lucaswells@example.net
S432,Carlson-Richardson,US North,2022-12-08,sarah83@example.org
S433,Marquez Ltd,US South,2023-08-05,ruizsherry@example.com
S434,Liu-Henry,US East,2023-05-31,scottwells@example.net
S435,Edwards LLC,US South,2021-05-15,jmiller@example.net
S436,Serrano PLC,US West,2024-03-17,shernandez@example.com
S437,Gomez Group,US North,2022-06-16,popeandrea@example.net
S438,Hart-Burns,US East,2022-09-27,haynescindy@example.net
S439,Carpenter-Johnson,US West,2021-03-13,tsolis@example.com
S440,"Mathis, Perez and Rojas",US South,2020-09-15,lori76@example.com
S441,King-Sanchez,US West,2024-06-02,john00@example.com
S442,"Martin, Andrade and Cole",US West,2020-07-06,malonedarius@example.org
S443,Ortiz-Dennis,US North,2023-10-31,dianajohnson@example.com
S444,Tate LLC,US East,2022-05-28,allenjames@example.com
S445,Warren-Nicholson,US West,2024-12-03,destinywatson@example.net
S446,"Edwards, Ramirez and Miller",US East,2023-11-05,christineharrison@example.org
S447,Miller-Kline,US North,2024-05-22,sullivankatie@example.com
S448,Howard Group,US West,2020-11-17,eric62@example.com
S449,"Frazier, Rhodes and Pierce",US East,2024-04-18,katrina31@example.org
S450,Garcia and Sons,US West,2025-04-25,randerson@example.org
S451,"Roberts, Jackson and Larsen",US North,2025-04-03,andrew28@example.org
S452,Mitchell Inc,US North,2024-02-05,lyonssteven@example.net
S453,Nunez-Kirby,US West,2023-05-07,stephanieross@example.org
S454,Farrell-Bates,US East,2021-11-10,aherrera@example.net
S455,Best-Walker,US North,2023-10-19,christian35@example.com
S456,Smith-Mclean,US North,2021-11-05,yrichards@example.org
S457,Patton-Johnson,US East,2024-04-04,singletonjulia@example.org
S458,Herring-Baker,US South,2021-07-28,kristinpayne@example.org
S459,Lowe-Owen,US North,2024-06-05,dennis62@example.net
S460,"Reid, Fisher and Holloway",US South,2022-07-16,nwilliams@example.com
S461,Lewis and Sons,US North,2022-10-08,combspamela@example.net
S462,"Chavez, Thomas and Green",US West,2024-04-15,ewingamanda@example.net
S463,Castro-Marshall,US West,2024-03-04,santanasandra@example.net
S464,Hodge-Mathews,US South,2024-05-28,ronaldmedina@example.org
S465,"Miller, Walker and Underwood",US West,2024-05-29,andersonadam@example.com
S466,Meyers Ltd,US East,2021-04-06,jcarroll@example.org
S467,Nelson-Clarke,US South,2022-05-08,aprilblair@example.com
S468,Hall-Newman,US South,2022-09-03,fjones@example.net
S469,"Gonzalez, Brown and Collins",US East,2020-09-29,bryantmichael@example.net
S470,Lynn-Alexander,US North,2022-10-21,ggriffith@example.com
S471,Anderson and Sons,US East,2025-04-04,laurasanchez@example.com
S472,Middleton and Sons,US North,2021-06-15,millerelizabeth@example.org
S473,Allen Inc,US North,2023-11-30,qknight@example.com
S474,Griffin-Gonzalez,US East,2020-06-13,cheryl39@example.org
S475,"Jones, Davis and Blackburn",US West,2021-05-16,nsmith@example.net
S476,Nelson Group,US East,2022-02-13,bglover@example.com
S477,"Perez, Waters and Wood",US West,2022-12-19,ylopez@example.org
S478,West Inc,US South,2024-01-19,kathleen42@example.net
S479,Anderson Inc,US South,2021-05-26,vincentjones@example.org
S480,Rivera PLC,US East,2023-02-07,vanessa90@example.org
S481,"Smith, Harmon and Walters",US West,2023-02-14,lmarshall@example.com
S482,"Nunez, Brown and Sullivan",US West,2021-12-28,susan24@example.org
S483,Bush LLC,US East,2022-11-20,davisgary@example.net
S484,Lewis-Wright,US North,2024-12-29,simpsonjeffrey@example.org
S485,Rodriguez-Thompson,US North,2023-04-16,kristinedunn@example.org
S486,Stewart Inc,US West,2024-03-16,thomasjames@example.org
S487,Ball-Hendrix,US South,2024-06-11,stantonjessica@example.com
S488,"Moore, Lucas and Woods",US North,2022-10-25,dustin24@example.org
S489,Love-Snyder,US West,2020-06-24,julie44@example.org
S490,Matthews-Cunningham,US East,2022-10-08,annaanderson@example.net
S491,Spears PLC,US East,2024-10-28,richard72@example.com
S492,"Lynch, Allen and Brown",US East,2020-09-24,johnnygarcia@example.com
S493,Peterson-Long,US East,2021-10-17,elizabeth53@example.net
S494,Kaiser Group,US North,2023-10-27,diazpaul@example.org
S495,"Lam, Hammond and Higgins",US North,2024-10-14,thomas14@example.com
S496,Lee-Davis,US South,2023-07-03,hunter98@example.com
S497,Randolph and Sons,US West,2025-04-16,shannon94@example.net
S498,Wolf-Lyons,US South,2024-07-20,espencer@example.com
S499,Schaefer and Sons,US East,2022-03-03,jamesreed@example.com
S500,Anderson-Johnston,US South,2022-07-02,amandahunt@example.org
S501,Wagner Ltd,US South,2021-07-31,spark@example.net
S502,Morrow-White,US West,2022-02-28,jenniferharris@example.com
S503,"Johnson, Schwartz and Houston",US West,2022-04-11,lawrence74@example.com
S504,"Rowe, Brown and Rivas",US East,2023-01-28,smithashley@example.com
S505,"Baldwin, Simmons and Stone",US South,2024-11-27,christinapowell@example.org
S506,Jackson Inc,US East,2023-06-28,amanda44@example.com
S507,Best Inc,US North,2021-12-07,rosspaige@example.org
S508,Randall-Roberts,US East,2020-08-06,joseph81@example.net
S509,"Hernandez, Huffman and Baker",US North,2022-04-08,eric00@example.net
S510,Cowan Ltd,US South,2023-09-03,ryanwilliams@example.com
S511,Miller and Sons,US West,2021-08-28,aaronjackson@example.net
S512,Robertson LLC,US North,2024-04-14,deleonpatrick@example.org
S513,Andrews-Benitez,US South,2024-02-25,weaversuzanne@example.net
S514,"Rhodes, Anderson and Huffman",US North,2021-06-18,laurenjenkins@example.net
S515,Rodriguez-Burton,US East,2021-06-13,cervantesjohn@example.com
S516,"King, Pineda and Perry",US West,2022-08-26,paul76@example.com
S517,"Potts, Johnson and Williams",US West,2024-03-24,cgarcia@example.org
S518,"Williams, Anderson and Walker",US East,2024-12-15,brandonpatterson@example.net
S519,Nichols-Martinez,US East,2022-02-14,laura04@example.com
S520,"Carson, Green and Morgan",US East,2022-03-17,franklinkelsey@example.net
S521,Foster-Archer,US East,2022-03-14,jbailey@example.org
S522,"Williams, Wallace and Sanchez",US South,2020-10-11,stevensalinas@example.net
S523,Gonzalez LLC,US North,2025-01-29,grodriguez@example.com
S524,West-Vasquez,US South,2025-05-12,srussell@example.org
S525,Clarke-Willis,US South,2024-10-02,annettephillips@example.org
S526,King PLC,US West,2024-06-08,david22@example.org
S527,Hickman Group,US West,2022-05-30,marshjonathan@example.com
S528,"Edwards, Ellis and Lewis",US North,2021-01-26,fescobar@example.org
S529,Wong-Wright,US West,2025-03-04,alexanderson@example.net
S530,Adams Inc,US East,2020-10-12,pricebrandon@example.com
S531,Mata Group,US West,2022-07-05,sullivantiffany@example.com
S532,"Crawford, Clay and Cabrera",US South,2022-12-21,robin89@example.org
S533,Wallace Inc,US East,2024-03-08,joseph29@example.net
S534,Scott-Baker,US North,2022-03-25,rsawyer@example.com
S535,"Meza, Donaldson and Lewis",US West,2021-09-21,wallskristopher@example.net
S536,Bartlett-Perry,US East,2023-02-13,laurajohnson@example.org
S537,Lopez-Cook,US West,2021-03-30,smithzachary@example.com
S538,"Butler, Lopez and Dyer",US South,2020-06-28,bryan16@example.org
S539,Pearson LLC,US East,2021-05-11,zclark@example.net
S540,Fowler and Sons,US West,2024-08-22,vcopeland@example.com
S541,Gomez-Wilson,US North,2021-06-09,dbond@example.com
S542,Conley LLC,US East,2022-05-16,alexasheppard@example.net
S543,Norton-Smith,US East,2021-04-27,anitaallen@example.net
S544,Stevenson Ltd,US South,2024-03-19,jeremy91@example.org
S545,"Walker, Esparza and Green",US West,2020-11-03,abbottsara@example.com
S546,"Poole, Bass and Andersen",US West,2022-04-29,ariasjulie@example.com
S547,"Carter, Hayes and Wright",US South,2021-10-19,dcrawford@example.com
S548,Garrett-Snyder,US South,2023-07-03,audreyjones@example.org
S549,Pierce LLC,US West,2021-05-26,bennettsteven@example.net
S550,Walters LLC,US North,2024-09-23,lyonstyler@example.org
S551,Francis-Morales,US East,2022-03-09,ghodge@example.com
S552,Jones and Sons,US North,2025-02-26,bettyhoward@example.com
S553,"George, Pena and Clark",US South,2024-01-10,ewang@example.net
S554,Abbott-James,US South,2023-04-22,vangdavid@example.org
S555,Becker-Clark,US North,2024-02-11,juan75@example.net
S556,"Hill, Crawford and Henderson",US West,2024-12-09,williamsdanielle@example.org
S557,"Walker, Scott and Weaver",US North,2022-07-09,smithsean@example.net
S558,Robinson-Banks,US South,2023-10-31,chrisflores@example.org
S559,Gray-Barr,US South,2020-06-11,joannecarter@example.org
S560,"Valdez, Villanueva and Scott",US South,2021-07-18,alexandra47@example.org
S561,Taylor Ltd,US South,2023-01-21,xspencer@example.net
S562,Phillips-Wright,US East,2021-05-28,ibrennan@example.com
S563,"Brown, Kent and Orozco",US East,2021-01-29,stephen31@example.net
S564,Taylor Ltd,US North,2024-11-14,bwright@example.org
S565,"Peters, Baker and Robbins",US North,2021-12-18,shawnreynolds@example.net
S566,Cohen-Grant,US South,2022-05-30,jonathan23@example.com
S567,"Jones, Hayes and Finley",US South,2024-09-03,ellisjustin@example.org
S568,Pennington and Sons,US North,2021-11-10,eric64@example.net
S569,Thompson-Travis,US North,2023-11-16,hayesrandy@example.net
S570,Singleton-Ellis,US South,2024-02-21,kmason@example.org
S571,Carr PLC,US North,2025-01-25,jmadden@example.net
S572,"Dominguez, Adams and Ward",US East,2021-07-30,smithhayden@example.net
S573,Potts Group,US South,2024-08-16,victoriagarza@example.com
S574,Howard-Mckenzie,US South,2021-10-24,bobby87@example.com
S575,"Peters, Mahoney and Jimenez",US North,2022-01-28,sheltoncharles@example.net
S576,Olson-Blackburn,US West,2021-12-19,janet31@example.org
S577,Thompson PLC,US West,2023-06-08,chavezalexis@example.org
S578,Carter-Schroeder,US West,2021-01-22,davidhernandez@example.net
S579,Becker LLC,US South,2022-12-09,qfields@example.com
S580,Mcdaniel Inc,US North,2020-09-14,ocarter@example.net
S581,Caldwell-Garza,US North,2022-07-04,iwebb@example.org
S582,Livingston Group,US South,2025-06-03,andersonjohn@example.com
S583,Hernandez PLC,US North,2024-06-06,amy70@example.com
S584,"Roberts, Lang and Kelly",US West,2023-05-18,andersonalison@example.org
S585,Hernandez Ltd,US North,2024-10-12,virginiasteele@example.net
S586,Briggs PLC,US East,2024-12-12,william38@example.org
S587,"Smith, Dunn and Dalton",US South,2025-01-30,shelby56@example.net
S588,Johnson and Sons,US West,2024-07-23,xmartin@example.com
S589,Garcia LLC,US South,2024-02-02,jerome20@example.com
S590,Wilson LLC,US East,2024-08-17,turneralexis@example.net
S591,Kelley Group,US West,2022-05-11,wilkinslinda@example.com
S592,Moore-Hughes,US North,2022-04-20,tgray@example.net
S593,"Wong, Brown and Bryant",US North,2020-11-01,xgarcia@example.net
S594,"Lynch, Jones and Harris",US West,2022-06-26,darrenfowler@example.org
S595,Terry-Gray,US South,2021-05-15,taylorlaurie@example.net
S596,Adams-Rice,US East,2024-08-03,rortiz@example.com
S597,Wilson-Lopez,US East,2020-10-27,elizabeth23@example.net
S598,Cochran Inc,US East,2021-10-18,hardyjessica@example.org
S599,Walker-Graves,US South,2025-01-03,carlsonmark@example.org
S600,Garcia-White,US North,2025-05-25,patrickcheryl@example.net
S601,Young-Rivera,US West,2022-10-17,penny03@example.org
S602,"Simmons, Brown and Cook",US West,2025-01-22,brandon95@example.org
S603,Howard-Brown,US North,2021-03-01,ppacheco@example.com
S604,Bryant-Chen,US North,2024-06-12,nataliequinn@example.com
S605,"Juarez, Gibson and Mitchell",US South,2024-08-12,amanda39@example.com
S606,"Martinez, Brady and Gonzalez",US North,2021-12-05,kathryn88@example.net
S607,Baker-Stevens,US North,2024-07-09,brandi14@example.net
S608,Boyd Ltd,US West,2023-01-12,ymack@example.net
S609,Banks-Richard,US South,2020-08-19,vwilson@example.org
S610,"Rodriguez, Mcdonald and Meyer",US East,2023-09-16,ortiztaylor@example.com
S611,"Morgan, Holmes and Johnson",US West,2023-03-21,amandacoleman@example.net
S612,"Bautista, Reeves and Austin",US West,2022-01-02,ashleyhall@example.com
S613,Parks-Lewis,US South,2022-07-30,gsanders@example.com
S614,"Fuller, Dyer and Harris",US East,2025-03-17,michellemorales@example.org
S615,Hopkins LLC,US North,2021-01-11,howardjamie@example.org
S616,Thomas-Dawson,US East,2021-11-28,ballkelly@example.org
S617,Bond-Turner,US North,2023-11-20,dsmith@example.net
S618,"Calderon, Salinas and Robinson",US South,2023-02-24,pearsonamanda@example.org
S619,"Tate, Blackwell and Harris",US East,2024-03-17,catherinereynolds@example.org
S620,"Taylor, Moore and Salinas",US East,2021-10-08,lisariggs@example.com
S621,"Rios, Kim and Huff",US North,2025-05-18,heather44@example.com
S622,Cervantes and Sons,US South,2020-12-24,cgilmore@example.org
S623,Carrillo Group,US East,2024-01-09,veronicaschwartz@example.org
S624,Ali-Wheeler,US West,2022-03-29,stephanie11@example.net
S625,"Rogers, Graves and Rogers",US West,2020-12-21,markkelly@example.org
S626,Williams LLC,US South,2021-03-12,evangraham@example.org
S627,"Duncan, Simpson and Wood",US North,2020-07-25,jeremy01@example.com
S628,Richardson-Kelly,US North,2025-02-26,rboone@example.net
S629,"Thomas, Nunez and Murphy",US West,2023-11-20,murphyheather@example.org
S630,Brown-Cervantes,US East,2024-03-01,paul31@example.com
S631,Berg and Sons,US South,2022-11-15,wware@example.org
S632,Barrett-Olson,US South,2021-10-29,jonathan99@example.org
S633,"Johnson, Pitts and Watson",US North,2020-10-27,johnsonmatthew@example.com
S634,Kennedy Inc,US South,2024-02-07,sara40@example.net
S635,Gibbs Ltd,US West,2023-11-26,changandre@example.net
S636,Singh Group,US East,2022-11-25,christopherdean@example.com
S637,"Garcia, Zavala and Lara",US East,2021-04-23,katherine49@example.net
S638,"Marsh, Chavez and Moore",US North,2022-10-01,camerondavis@example.net
S639,Simon-Booth,US South,2023-06-19,ljohnson@example.com
S640,"Brown, Vega and Hall",US East,2022-03-31,john92@example.net
S641,"Byrd, Pittman and Diaz",US East,2024-01-14,alexandra71@example.org
S642,Cannon and Sons,US South,2024-03-15,greenlauren@example.org
S643,Mcfarland Group,US South,2024-04-12,charles86@example.com
S644,"Wright, Fields and Wong",US West,2021-02-06,judyrodriguez@example.net
S645,Faulkner-James,US East,2023-07-10,heidi75@example.org
S646,"Mosley, Bowman and Tran",US West,2021-12-01,russellnatalie@example.net
S647,Garner Inc,US North,2024-06-17,sherry13@example.net
S648,"Wilson, Perez and Yu",US East,2024-07-20,allison97@example.org
S649,"Henderson, Ross and Schmidt",US North,2023-09-10,bcantrell@example.com
S650,Lutz-Cunningham,US North,2021-05-13,whitakercarlos@example.org
S651,White PLC,US East,2021-06-18,gomezjill@example.com
S652,"Walker, Swanson and Floyd",US East,2021-02-07,walkerlouis@example.net
S653,Reed Group,US South,2023-12-14,leslie02@example.com
S654,Dean and Sons,US West,2022-04-29,michael77@example.net
S655,"Rosario, Schneider and Lee",US West,2025-03-28,chenleah@example.org
S656,"Mejia, Kim and Lin",US North,2024-10-28,santiagoeric@example.net
S657,Davis LLC,US South,2024-04-19,joseph18@example.org
S658,"Hall, Scott and Farmer",US North,2024-10-16,qwilson@example.net
S659,"Flores, Jimenez and Rivas",US East,2024-06-29,ericanelson@example.org
S660,Powell-Smith,US West,2021-03-05,tannerkyle@example.com
S661,"Navarro, Miller and Oconnor",US West,2022-09-25,reedtyler@example.com
S662,Sanders LLC,US North,2020-09-29,mariapowell@example.net
S663,Morgan-Wheeler,US East,2024-12-29,jaime07@example.org
S664,Dunn-Thomas,US East,2021-11-13,robin60@example.org
S665,Guzman Group,US West,2021-11-30,omason@example.org
S666,Alvarez-Hernandez,US North,2021-07-21,patrick75@example.com
S667,Hicks and Sons,US East,2023-07-06,amandadiaz@example.net
S668,Bell and Sons,US East,2020-11-20,schmidtralph@example.com
S669,Williams-Jones,US West,2022-12-22,dominique47@example.org
S670,Coleman-Simmons,US North,2023-01-01,edward27@example.org
S671,Ortiz-Snyder,US West,2025-03-02,emedina@example.com
S672,"Carlson, Clark and Scott",US East,2023-04-02,gregoryhorton@example.com
S673,"Ruiz, Rivera and Lester",US South,2025-03-07,costajane@example.net
S674,"Dawson, Soto and Campbell",US East,2021-10-09,christine28@example.net
S675,"Bennett, Santiago and Alexander",US West,2024-03-21,marcusphelps@example.org
S676,"Kennedy, Friedman and Burton",US South,2023-05-18,belljanet@example.com
S677,King-Santiago,US West,2024-08-13,craigsteven@example.org
S678,"Valenzuela, Smith and Kim",US West,2020-09-23,yvonne44@example.com
S679,Day-Gonzalez,US North,2022-03-31,mvalencia@example.org
S680,Harris-Thomas,US East,2020-08-15,jconner@example.com
S681,Peterson Ltd,US West,2021-12-31,corygordon@example.org
S682,"Stevenson, Lee and Crawford",US North,2020-06-10,nashjuan@example.com
S683,"Thompson, Wright and Huerta",US South,2020-11-22,thomas27@example.com
S684,Barber-Thompson,US North,2020-12-09,progers@example.org
S685,Lucas and Sons,US West,2024-12-18,holly35@example.com
S686,Jones Group,US South,2024-04-30,arobinson@example.com
S687,"Wright, Johnson and Stewart",US East,2022-09-14,pamela08@example.com
S688,Freeman Group,US West,2025-05-11,james19@example.net
S689,Fleming PLC,US North,2023-02-26,john19@example.com
S690,Hughes-Kramer,US North,2024-06-16,rachel47@example.org
S691,"Vazquez, Johnson and Bailey",US South,2022-12-25,richardlara@example.org
S692,Mitchell-Morales,US North,2022-10-27,xhumphrey@example.net
S693,"Price, Ortega and Gonzalez",US North,2021-05-13,timothy94@example.com
S694,Coleman Inc,US North,2021-12-06,jameslori@example.net
S695,"Stanley, Stein and Garcia",US North,2025-02-03,crystalhughes@example.org
S696,Barnes-Boyd,US East,2023-11-06,epineda@example.org
S697,Jenkins LLC,US North,2025-05-05,jacob64@example.com
S698,"Chavez, Scott and Smith",US West,2020-09-14,clewis@example.com
S699,"Romero, Briggs and Pittman",US East,2023-05-21,vwagner@example.org
S700,Miller-Moore,US West,2023-06-09,regina05@example.com
S701,"Pope, Ellison and Cruz",US East,2022-06-18,russell01@example.com
S702,Noble Ltd,US East,2022-10-14,smithmicheal@example.net
S703,"Roberson, Hill and Ward",US South,2021-12-02,collinstheresa@example.net
S704,Gutierrez-Cowan,US North,2022-11-14,tranmichael@example.com
S705,Jones and Sons,US South,2025-04-18,jgriffin@example.org
S706,"Gibbs, Green and Jones",US West,2024-07-17,alexisjones@example.net
S707,May and Sons,US South,2022-02-26,srichard@example.net
S708,"Campbell, Keller and Pearson",US West,2024-11-10,nicholastorres@example.org
S709,Hall Group,US North,2024-08-26,angela89@example.org
S710,Owen-Hatfield,US West,2021-05-26,alexmarsh@example.net
S711,"Sweeney, Jacobs and Burgess",US West,2022-12-31,dwallace@example.com
S712,Parker-Michael,US East,2024-02-14,smithkristi@example.org
S713,"Schwartz, Rodriguez and Burnett",US South,2022-05-14,figueroalouis@example.net
S714,Mcintosh-Lester,US South,2024-12-28,gibsondaniel@example.com
S715,"Hester, Snow and Lee",US North,2025-05-15,michael54@example.net
S716,Dorsey LLC,US North,2022-04-05,gonzalezmarisa@example.com
S717,"Jackson, Peterson and Alvarez",US West,2021-06-29,edward05@example.net
S718,Weaver-Conrad,US East,2024-04-24,xmacdonald@example.net
S719,Roberts-Reed,US East,2023-04-22,mckinneykathleen@example.net
S720,"Bates, Garcia and Smith",US East,2021-04-28,jordanjason@example.org
S721,Smith-Moore,US North,2025-03-15,cindy76@example.org
S722,Sanchez-Williams,US East,2020-11-23,pmiddleton@example.com
S723,Davis-Green,US South,2020-06-23,webbjoshua@example.org
S724,"Smith, Howard and Smith",US North,2022-02-01,dmooney@example.com
S725,"Lee, Miller and Rivers",US North,2023-05-21,jimenezstacey@example.org
S726,"Johnson, Mcmillan and Dunlap",US South,2022-05-14,teresacastillo@example.net
S727,Fitzgerald Group,US West,2021-03-13,andrewsingh@example.com
S728,"Juarez, Hughes and Newman",US East,2023-09-30,casescott@example.net
S729,Alvarez Inc,US East,2020-10-28,jthompson@example.org
S730,Hardy-Tran,US West,2022-05-16,connererica@example.net
S731,"Hale, Osborne and Blanchard",US South,2022-08-20,ftaylor@example.org
S732,"Bridges, Taylor and Davis",US East,2023-10-22,jameshopkins@example.org
S733,Miller LLC,US North,2024-10-24,ruth59@example.com
S734,Schwartz Ltd,US East,2024-05-11,sandrasalazar@example.org
S735,"Williams, Williams and Crawford",US West,2023-03-05,joann72@example.org
S736,Hart-Williams,US South,2022-10-24,sgoodman@example.net
S737,"Bass, Garcia and Ellis",US West,2020-08-27,jburns@example.org
S738,Williams Group,US North,2020-09-01,ryantorres@example.org
S739,Reid Inc,US North,2024-09-22,andrew92@example.com
S740,Hughes-Warren,US South,2022-07-14,nkeller@example.net
S741,"Glass, Morris and Cooper",US South,2021-09-23,kimberlymoss@example.org
S742,"Ryan, Marquez and Rhodes",US West,2020-06-25,scottdaniels@example.com
S743,Huffman Group,US North,2023-02-15,bradylee@example.org
S744,Gonzales-Carson,US South,2023-03-06,johnny13@example.org
S745,"Greer, Gonzalez and Washington",US East,2025-01-05,mespinoza@example.net
S746,Mills Group,US East,2023-10-21,sandra41@example.net
S747,Ortiz-Strong,US South,2021-01-27,nwalker@example.net
S748,Trevino and Sons,US East,2023-10-17,michellefox@example.net
S749,Clark-Peterson,US North,2021-02-10,francopatricia@example.org
S750,Soto PLC,US East,2022-12-07,amanda85@example.net
S751,Reed-Davis,US West,2022-05-11,cory98@example.net
S752,"Clark, Palmer and Barry",US East,2022-01-28,wrightshawn@example.com
S753,Martinez Ltd,US South,2024-05-23,hilldouglas@example.org
S754,"Anderson, Castro and Young",US East,2020-06-19,hallkathy@example.org
S755,"Thomas, Williams and Wells",US West,2021-08-18,danielle96@example.net
S756,Pearson Inc,US South,2022-10-26,lisaclark@example.net
S757,"Stephens, Morris and Anderson",US South,2024-04-22,jo63@example.com
S758,"Chan, Kirby and Cummings",US West,2021-04-03,adam39@example.org
S759,Hatfield-Roberts,US South,2025-05-04,nicole24@example.net
S760,Nguyen-Pugh,US South,2023-10-01,robert80@example.org
S761,"Moore, Lucas and Rodriguez",US North,2021-02-22,lisalewis@example.net
S762,"Farrell, Peterson and Reeves",US South,2022-11-29,amyfuller@example.net
S763,Moore-Garcia,US East,2022-10-09,wmoore@example.net
S764,Walton Ltd,US West,2024-07-20,timothyosborne@example.com
S765,"Monroe, Young and Mendoza",US North,2022-10-18,angelaosborn@example.net
S766,"Park, Wright and Barnes",US North,2022-09-02,aprilharris@example.org
S767,"Wallace, Simmons and Dixon",US North,2025-02-27,bashley@example.com
S768,Branch-Martinez,US West,2022-03-04,sandovaljudith@example.org
S769,Evans PLC,US South,2021-09-10,kylesims@example.org
S770,"Gentry, Kent and Moore",US West,2023-02-18,rogerjohnson@example.org
S771,Evans-Harrison,US North,2025-04-20,istephenson@example.com
S772,Foley Group,US South,2023-10-18,qmata@example.org
S773,"Walton, Henson and Jackson",US North,2022-08-22,ronald67@example.net
S774,Hernandez-Keller,US South,2021-03-11,eric85@example.net
S775,"Jackson, Hughes and Gonzalez",US West,2021-11-03,ashleyrichardson@example.net
S776,Ramos Group,US North,2021-01-20,buchananalexa@example.net
S777,"Terry, Boyer and Bauer",US East,2020-06-12,nunderwood@example.com
S778,Parks-Hudson,US East,2021-11-12,bmurphy@example.com
S779,Cox-Mcdowell,US South,2020-11-08,jamesgriffin@example.com
S780,Carter-Miller,US East,2021-10-31,millerbrittany@example.org
S781,Garrison and Sons,US East,2024-04-21,wdalton@example.org
S782,Cooper PLC,US North,2022-12-23,vjohnson@example.org
S783,Baxter-Reyes,US East,2023-11-06,jgarza@example.com
S784,Trevino-Olson,US South,2024-06-21,summerscolin@example.net
S785,"Perez, Wilkinson and Weber",US East,2024-10-15,robertcastro@example.org
S786,Fitzgerald PLC,US North,2025-03-31,leecaleb@example.org
S787,"Rodriguez, Nielsen and Kelley",US South,2023-05-10,contrerascindy@example.com
S788,Johnson-Walker,US South,2021-11-21,alison10@example.net
S789,Reyes-Hoffman,US North,2023-10-02,ppeters@example.com
S790,"Taylor, Johnson and Casey",US West,2023-02-04,dawn57@example.org
S791,"Ramirez, Green and Harris",US North,2023-12-14,sandraadams@example.net
S792,"Kim, Washington and Larson",US East,2023-09-11,anthonysamuel@example.com
S793,English-Gibbs,US East,2020-09-26,mpennington@example.org
S794,Fletcher-Fitzgerald,US East,2022-01-29,vjackson@example.org
S795,Rodriguez-Hoffman,US North,2025-03-27,gbrown@example.net
S796,"Lopez, Wheeler and Lopez",US South,2025-01-23,nhahn@example.org
S797,"Williamson, Cooper and Burns",US East,2023-11-26,jonesbarbara@example.org
S798,"Knox, Bradley and Zuniga",US West,2023-06-14,robert71@example.net
S799,"Phillips, Phillips and Gray",US North,2022-10-12,angelalamb@example.net
S800,"Russo, Chaney and Jenkins",US East,2023-11-18,william01@example.com
S801,"Shelton, Hutchinson and Edwards",US North,2020-07-19,hopkinslucas@example.org
S802,"Bell, Soto and Smith",US South,2023-11-16,abentley@example.com
S803,Barker LLC,US West,2021-03-22,alexhayes@example.org
S804,"Donovan, Christian and Brown",US East,2022-07-13,hardygregory@example.com
S805,"Barrett, Hanson and Robinson",US West,2022-04-27,gardnerethan@example.net
S806,Lewis-Cohen,US South,2021-09-16,pagetimothy@example.net
S807,"Howard, Yates and Anderson",US South,2023-12-24,davidmedina@example.org
S808,Brooks-Bond,US South,2024-07-17,valerie66@example.net
S809,Parsons-Palmer,US North,2022-11-08,rothjennifer@example.org
S810,Ramirez-Alexander,US West,2021-10-30,april34@example.net
S811,"Wilson, Sanchez and Hill",US West,2021-12-08,moorejennifer@example.org
S812,"Potter, Green and Benson",US East,2022-06-16,ernest92@example.com
S813,Robertson Inc,US South,2020-11-26,garneredward@example.org
S814,Barnes Inc,US West,2023-11-03,keith20@example.net
S815,Lester-Navarro,US West,2025-04-09,wcollins@example.org
S816,Padilla-Williams,US East,2022-05-13,john89@example.org
S817,Brown PLC,US North,2024-05-02,staceybrown@example.org
S818,Hernandez-Bell,US South,2021-08-10,zpatel@example.com
S819,"Martin, Willis and Holmes",US West,2022-05-07,wlopez@example.org
S820,Carpenter LLC,US West,2021-11-02,dawndunlap@example.com
S821,Garner Ltd,US North,2023-03-16,robertsonadam@example.net
S822,Walker Inc,US South,2021-07-06,tyronereese@example.com
S823,"Garcia, Fuentes and Holloway",US West,2023-04-05,emily95@example.org
S824,Mckenzie Ltd,US West,2024-06-03,annette10@example.org
S825,"Perez, Marks and Lane",US West,2021-04-25,oelliott@example.org
S826,Nichols-Perez,US West,2025-05-05,chelsea61@example.com
S827,"Gutierrez, Jackson and Wilson",US West,2023-06-30,sloantiffany@example.com
S828,"Wyatt, Mcdowell and Hunter",US South,2024-08-14,carlamartinez@example.com
S829,Herrera Ltd,US East,2024-10-25,wallacetara@example.org
S830,"Garza, Lowe and Hernandez",US North,2023-08-25,stephen46@example.net
S831,Gonzales LLC,US West,2023-12-05,pbrown@example.org
S832,Black-Price,US West,2024-01-02,kevinhodge@example.net
S833,"Martinez, Johnson and Knight",US East,2023-09-23,amandamorales@example.com
S834,Stafford and Sons,US East,2024-02-15,xbell@example.net
S835,Rogers PLC,US West,2023-05-03,uduarte@example.org
S836,Zimmerman Inc,US North,2021-04-14,gedwards@example.net
S837,"Lopez, Murphy and Ramirez",US East,2024-07-24,lwest@example.com
S838,Wood Group,US North,2021-01-18,susan82@example.org
S839,Coleman Ltd,US East,2022-03-22,mercedes19@example.com
S840,Cooper-Green,US North,2020-10-10,hclark@example.net
S841,"Jackson, Robinson and Reeves",US North,2022-04-17,janet81@example.com
S842,Stevens-Chang,US East,2020-09-04,brownnatasha@example.org
S843,Jackson Group,US North,2022-10-31,hflynn@example.org
S844,Snyder-Morales,US South,2021-06-04,mariah80@example.com
S845,Brown PLC,US East,2021-12-29,hernandezadam@example.com
S846,Oconnor PLC,US East,2021-10-17,cmiller@example.com
S847,Fernandez PLC,US West,2025-04-21,louisjenkins@example.org
S848,Jackson Group,US West,2022-05-26,stevensmartin@example.net
S849,Hernandez-Hoover,US South,2020-11-21,nchristian@example.org
S850,"Garcia, Smith and Miller",US North,2020-12-16,zroberson@example.net
S851,Richard-Zavala,US East,2025-04-25,don45@example.com
S852,Rice-Gregory,US North,2024-02-03,mcneilcaitlin@example.org
S853,Chavez Ltd,US East,2021-02-16,sconley@example.net
S854,"Norton, Lee and Sweeney",US West,2023-04-25,xvance@example.net
S855,Wu-Brown,US West,2025-04-02,jasonpreston@example.com
S856,Jones-Hebert,US East,2021-12-30,angelagreen@example.org
S857,Harris-Schaefer,US South,2021-05-20,ashleybanks@example.net
S858,Charles Group,US North,2020-08-31,mckinneyjonathan@example.net
S859,"Johnson, Evans and Wilson",US East,2020-12-18,ijackson@example.org
S860,Day Inc,US East,2021-01-03,ihenderson@example.org
S861,"Clark, Leon and Bradford",US East,2022-11-11,david66@example.com
S862,"Griffin, Lane and Torres",US South,2024-01-16,hbernard@example.org
S863,"Adams, Campbell and Parker",US South,2022-11-26,fbrown@example.com
S864,Tate-Reeves,US West,2020-06-18,hollowaybeverly@example.net
S865,"Collins, King and Lyons",US West,2021-08-20,pereznicole@example.net
S866,"Morse, Montoya and Johnson",US North,2025-01-09,baileyjanice@example.net
S867,Lopez-Mckenzie,US South,2020-11-20,perryscott@example.org
S868,"White, Preston and Brown",US North,2023-09-11,jessica95@example.net
S869,Ellis Inc,US West,2023-09-28,dickersontimothy@example.org
S870,"Smith, Strong and Ruiz",US West,2024-06-24,kellytonya@example.org
S871,Peterson-Rodriguez,US North,2024-11-21,derekcampos@example.com
S872,West-Jones,US East,2025-04-12,johnsonbrandon@example.com
S873,"Washington, Roberts and Woodard",US South,2024-12-11,kspence@example.net
S874,"Hess, Reilly and Hunt",US North,2023-06-17,edwardsjonathan@example.com
S875,Russell Ltd,US North,2022-04-15,christophertownsend@example.com
S876,Scott Inc,US West,2023-01-10,achase@example.com
S877,Smith-Reyes,US North,2021-04-19,reedjohn@example.org
S878,"Perez, Mcclure and Ruiz",US South,2024-08-18,colleen99@example.com
S879,Odom Group,US South,2021-12-30,richard24@example.net
S880,Trujillo-Riley,US North,2023-03-29,michelleduke@example.org
S881,Moore-Taylor,US South,2025-04-24,lisahicks@example.net
S882,"Clark, Wells and Martinez",US East,2025-04-02,matthew21@example.org
S883,"Hansen, Larsen and Morales",US South,2022-10-01,morgancameron@example.com
S884,"Allen, Hurley and Austin",US East,2024-02-26,wardbrandon@example.net
S885,Castro LLC,US West,2022-03-12,owensamy@example.net
S886,Simmons Inc,US West,2022-01-11,heidi03@example.org
S887,Diaz-Miller,US South,2024-06-01,gwhite@example.org
S888,Martin-Reed,US East,2022-05-14,orichardson@example.org
S889,Patrick-Simmons,US South,2023-01-02,jeffersonmichael@example.org
S890,Jones PLC,US South,2022-05-21,sandramcclain@example.org
S891,"Wallace, Phillips and Hale",US East,2022-08-28,mikayla68@example.org
S892,Banks-Bond,US East,2021-01-24,unewton@example.net
S893,Diaz Ltd,US South,2020-07-23,stephanie95@example.net
S894,Jones-Rodriguez,US West,2025-01-10,cynthiavazquez@example.com
S895,Brandt-Jefferson,US East,2021-11-06,andrea62@example.org
S896,Hale and Sons,US East,2021-03-14,milesdesiree@example.com
S897,"Cordova, Boone and Fernandez",US North,2022-02-02,christopher03@example.org
S898,Austin-Watkins,US South,2021-02-04,haleycunningham@example.com
S899,Mosley-Brown,US South,2020-11-26,tammy59@example.com
S900,"Benitez, Johnson and Clark",US East,2022-05-11,erica24@example.com
S901,Gilmore Ltd,US South,2021-01-27,bryce94@example.net
S902,"Garner, Thompson and Aguilar",US North,2024-10-16,erios@example.net
S903,"Richardson, Castro and Greene",US West,2022-07-30,barrettjeffrey@example.com
S904,"Sosa, King and Rivera",US South,2024-09-16,jacksonkelly@example.com
S905,Jackson PLC,US North,2021-07-11,bob08@example.com
S906,Johnson-Barber,US South,2022-08-28,nancy69@example.com
S907,"Rose, Carlson and Daniels",US North,2024-07-17,hcoleman@example.org
S908,"Hopkins, Wallace and Carrillo",US East,2021-04-09,amber22@example.net
S909,Meyers and Sons,US East,2020-07-31,halldana@example.net
S910,Taylor-Allen,US North,2024-05-14,joshuasmith@example.net
S911,Smith PLC,US East,2022-05-12,susanrobinson@example.com
S912,Young PLC,US North,2024-07-24,douglaswalter@example.net
S913,Hughes LLC,US East,2023-08-26,zmurray@example.net
S914,Hall-Delgado,US South,2021-02-09,marc68@example.org
S915,Gill-Howell,US West,2020-07-16,westdebra@example.com
S916,Valdez-Roman,US North,2021-10-24,natalie94@example.net
S917,Williamson PLC,US East,2023-08-07,gbailey@example.com
S918,Leonard-Johnson,US South,2020-08-03,greenryan@example.com
S919,"Bates, Foley and Farrell",US West,2022-01-30,christina83@example.net
S920,"Douglas, Jackson and Jones",US South,2020-07-27,powellcassandra@example.net
S921,English-Mcguire,US North,2023-03-12,smack@example.net
S922,Smith-Kerr,US West,2021-04-01,kenneth53@example.org
S923,"Banks, Mcdaniel and Kirby",US West,2020-11-03,yperez@example.com
S924,Kennedy-Browning,US South,2022-08-12,ameyer@example.org
S925,Wolfe LLC,US South,2022-01-17,tiffanyflores@example.com
S926,"Shepherd, King and Miller",US North,2025-03-22,ericksonhannah@example.net
S927,Robinson-Smith,US East,2022-06-25,williamsonchristopher@example.org
S928,Melton-Hines,US West,2020-10-09,jimmarquez@example.com
S929,Krause PLC,US West,2022-10-13,pgutierrez@example.org
S930,Robinson-Gaines,US East,2024-06-18,nanderson@example.com
S931,"Cooper, Fowler and Mcdonald",US East,2025-04-27,kdunn@example.com
S932,Castro-Smith,US South,2020-08-12,mallen@example.com
S933,Perez-Williams,US North,2021-08-24,timothy22@example.com
S934,Murphy-Aguilar,US North,2020-08-30,amber63@example.org
S935,Montes-Young,US South,2025-05-01,ggarcia@example.net
S936,Torres-Collier,US West,2023-05-30,davidarmstrong@example.org
S937,Harris-Smith,US North,2024-07-21,kristengonzalez@example.net
S938,"King, Murphy and Silva",US North,2022-05-04,andrehenry@example.com
S939,Turner Ltd,US South,2021-11-16,haleyjones@example.com
S940,Strong-Lawson,US East,2024-02-12,snyderjames@example.com
S941,Evans-Hernandez,US East,2021-03-31,philipflowers@example.net
S942,"Kemp, Walton and Hall",US North,2023-06-11,fsmith@example.org
S943,Walker-Reeves,US North,2024-03-16,dflores@example.org
S944,Jackson LLC,US North,2025-01-16,brittanystanton@example.com
S945,Robinson-Ryan,US North,2023-10-10,brianna02@example.net
S946,Garcia Inc,US East,2025-04-26,mckinneycrystal@example.org
S947,Riley and Sons,US East,2021-03-17,velazquezjennifer@example.com
S948,Johnson-Graham,US West,2020-11-22,leviclark@example.com
S949,"Gutierrez, Bowman and Russell",US North,2023-07-01,andersonallison@example.org
S950,Vazquez-Barker,US North,2023-07-22,christian69@example.org
S951,"Villanueva, Johnson and Morton",US North,2023-07-21,maryhudson@example.com
S952,Fleming and Sons,US West,2024-11-04,melanietorres@example.org
S953,"Crawford, Gray and Patel",US East,2023-04-24,eric54@example.org
S954,Johnson-Meyer,US North,2025-06-06,william10@example.net
S955,Price PLC,US East,2024-03-26,james32@example.org
S956,"Blevins, Olsen and Rivera",US South,2024-04-12,michelle14@example.org
S957,"Brown, Mcintyre and Young",US West,2021-04-21,suzannethompson@example.net
S958,Hicks-Johnson,US North,2022-11-19,fcochran@example.org
S959,"Brewer, Johnson and Key",US East,2022-07-11,nleonard@example.org
S960,"Thomas, Becker and Bender",US South,2022-12-25,rodneysmith@example.net
S961,Daniels Group,US North,2024-06-25,laurencain@example.org
S962,"Howell, Ramirez and Gibson",US East,2022-05-24,heather76@example.com
S963,Cruz-Alvarez,US South,2021-06-11,anthonyjones@example.net
S964,Watson-Sanchez,US West,2022-08-21,grantsusan@example.org
S965,Walker Inc,US North,2021-08-23,garciaangela@example.net
S966,Gardner-Robinson,US West,2020-12-15,ecrane@example.com
S967,Hayes Ltd,US West,2021-04-08,anita81@example.com
S968,Williams Inc,US East,2022-10-06,esanchez@example.net
S969,"Calderon, Campbell and Lee",US South,2023-05-19,keith04@example.net
S970,"Thomas, Clark and Waller",US South,2024-06-15,adamsjeffrey@example.net
S971,Murphy-Patterson,US South,2022-01-03,christopherwalsh@example.net
S972,Cannon-Whitaker,US East,2021-01-13,erincook@example.org
S973,"Alvarez, Cervantes and Michael",US South,2020-07-14,russelllong@example.com
S974,Gonzales PLC,US East,2024-04-29,frymarco@example.org
S975,Moody-Gray,US South,2021-07-15,graveschristine@example.net
S976,"Jones, Roberts and Wang",US West,2025-04-29,steven39@example.net
S977,Ponce-Miller,US South,2022-11-13,kimpatrick@example.org
S978,"Lopez, Richards and King",US East,2024-01-30,george77@example.net
S979,Gilbert and Sons,US East,2024-05-21,wwheeler@example.net
S980,Sanders Group,US South,2024-02-25,judith98@example.com
S981,"Ortiz, Lopez and Hughes",US West,2023-07-01,romanaustin@example.com
S982,Campbell and Sons,US West,2021-09-23,uramirez@example.com
S983,"Wheeler, Allen and Meyer",US West,2021-03-11,jameswebb@example.com
S984,Bell-May,US North,2024-08-22,wyattbrandon@example.org
S985,"Morrow, Martin and Hicks",US North,2023-04-14,guerrerojessica@example.com
S986,Walker-Edwards,US North,2021-01-14,laura73@example.com
S987,Mitchell LLC,US West,2025-05-19,margaretmaddox@example.net
S988,"Jensen, Salazar and Buckley",US South,2025-04-30,mreynolds@example.org
S989,Colon-Hudson,US East,2023-05-11,bradyjennifer@example.org
S990,"Guerrero, Burton and Stewart",US East,2022-09-03,millerrobert@example.org
S991,Ferguson-Robertson,US South,2021-12-08,gregoryamanda@example.net
S992,Miller-Hatfield,US South,2020-12-27,curtis28@example.org
S993,Porter-Mathis,US South,2020-12-07,qknight@example.com
S994,"Romero, Phillips and Martin",US South,2024-03-16,meltonstacey@example.net
S995,Vega-Becker,US East,2023-07-21,nicholas90@example.org
S996,"Hood, Castaneda and Smith",US West,2023-10-29,stacyjones@example.com
S997,Mendez Ltd,US North,2021-12-07,mnguyen@example.com
S998,Evans LLC,US West,2023-03-16,jameskennedy@example.com
S999,Lewis-Ware,US South,2020-08-24,kwilson@example.org
S1000,Burton-Wilson,US East,2020-08-09,tlogan@example.org
